attribute,level,coefficient,ame,ame_std_error,ame_ci_lower,ame_ci_upper,p_value,significance,abs_ame
Pricing,School pays (free for families),1.2644742973885659,0.27581225817778166,0.000747100934568263,0.2743701197993654,0.27723874383906766,6.601509680434234e-16,***,0.27581225817778166
Tutor,Female AI tutor,0.6937423070922697,0.15585997814661706,0.00039343348609470154,0.15510312315651217,0.1566319221602319,4.862850973379087e-13,***,0.15585997814661706
Unknown,Role_play_Hero_astronaut_You_are_the_astronaut_in_charge_the_team_is_counting_on_you_to_complete_this_mission.,0.5762539569390331,0.12887364576640592,0.0003661610937186659,0.12808449701727098,0.12957785008548167,1.669308204984211e-09,***,0.12887364576640592
Unknown,Storytelling_Space_rescue_story_“Your_spaceship_must_deliver_medicine_to_astronauts_stranded_on_the_Moon_before_their_oxygen_runs_out.”,0.5528704145306226,0.1235635081817022,0.00034300484637818406,0.12289560818868601,0.12422582403250237,8.047724110674036e-09,***,0.1235635081817022
Unknown,Pricing_Free_trial_+_$4.99/month,0.5309558023194624,0.11694072311040232,0.0004017539913206814,0.11615260645957397,0.11777712902908824,0.0003207441562574365,***,0.11694072311040232
Unknown,Pricing_Free_trial_+_$12.99/month,-0.3771841788614508,-0.08445335073565285,0.0002492932437149993,-0.08492507815100282,-0.08394985687246385,0.014062464890923396,*,0.08445335073565285
Unknown,Pricing_Free_trial_+_$7.99/month,0.2833316770853546,0.06251649209193294,0.00021689658781618302,0.06204068846691839,0.06292647871172165,0.048636451322167686,*,0.06251649209193294
Unknown,Color_palette_Friendly_&_warm_coral_/_lavender_/_peach,0.10967194131958359,0.024311935868131573,7.687786041819248e-05,0.024154642051596648,0.02445778866753344,0.24985628795554482,n.s.,0.024311935868131573
