attribute,level,coefficient,ame,ame_std_error,ame_ci_lower,ame_ci_upper,p_value,significance,abs_ame
Pricing,School pays (free for families),1.2644742973885659,0.27581225817778166,0.0007423619432308556,0.27431433011822437,0.2772479064368823,6.601509680434234e-16,***,0.27581225817778166
Tutor,Female AI tutor,0.6937423070922697,0.15585997814661706,0.0003997076123544125,0.15506254480636578,0.15664852768873322,4.862850973379087e-13,***,0.15585997814661706
Unknown,Role_play_Hero_astronaut_You_are_the_astronaut_in_charge_the_team_is_counting_on_you_to_complete_this_mission.,0.5762539569390331,0.12887364576640592,0.0003626820969776113,0.12816916045419585,0.12955335696046624,1.669308204984211e-09,***,0.12887364576640592
Unknown,Storytelling_Space_rescue_story_“Your_spaceship_must_deliver_medicine_to_astronauts_stranded_on_the_Moon_before_their_oxygen_runs_out.”,0.5528704145306226,0.1235635081817022,0.0003405150008247754,0.12289654170063607,0.12419453998192709,8.047724110674036e-09,***,0.1235635081817022
Unknown,Pricing_Free_trial_+_$4.99/month,0.5309558023194624,0.11694072311040232,0.00039979277389694506,0.11617992431706958,0.11773417579315185,0.0003207441562574365,***,0.11694072311040232
Unknown,Pricing_Free_trial_+_$12.99/month,-0.3771841788614508,-0.08445335073565285,0.00024399976496483812,-0.08494172879392677,-0.08395146299803496,0.014062464890923396,*,0.08445335073565285
Unknown,Pricing_Free_trial_+_$7.99/month,0.2833316770853546,0.06251649209193294,0.00020766044116578668,0.06212076722263105,0.06291208625332673,0.048636451322167686,*,0.06251649209193294
Unknown,Color_palette_Friendly_&_warm_coral_/_lavender_/_peach,0.10967194131958359,0.024311935868131573,7.744346512487566e-05,0.024163677894658314,0.02446070952094377,0.24985628795554482,n.s.,0.024311935868131573
